{
    "adaptive_agent": {
        "wins": 13,
        "total_profit": 606,
        "average_bid": 52.67,
        "failed_bids": 0,
        "aggressiveness_history": [
            0.97,
            0.94,
            0.9099999999999999,
            0.8799999999999999,
            0.8499999999999999,
            0.8199999999999998,
            0.7899999999999998,
            0.7599999999999998,
            0.7299999999999998,
            0.7,
            0.7,
            0.7,
            0.7,
            0.7,
            0.7,
            0.7,
            0.7,
            0.7,
            0.7,
            0.7,
            0.7,
            0.7,
            0.7,
            0.7,
            0.7,
            0.7,
            0.7,
            0.7,
            0.7,
            0.7
        ]
    },
    "fixed_agent": {
        "wins": 17,
        "total_profit": 1260,
        "average_bid": 60.83,
        "failed_bids": 1
    }
}