{
    "adaptive_agent": {
        "wins": 17,
        "total_profit": 1232,
        "average_bid": 49.17,
        "failed_bids": 0,
        "aggressiveness_history": [
            0.97,
            0.94,
            0.9099999999999999,
            0.8799999999999999,
            0.8499999999999999,
            0.8199999999999998,
            0.7899999999999998,
            0.7599999999999998,
            0.7299999999999998,
            0.7,
            0.7,
            0.7,
            0.7,
            0.7,
            0.7,
            0.7,
            0.7,
            0.7,
            0.7,
            0.7,
            0.7,
            0.7,
            0.7,
            0.7,
            0.7,
            0.7,
            0.7,
            0.7,
            0.7,
            0.7
        ]
    },
    "fixed_agent": {
        "wins": 13,
        "total_profit": 644,
        "average_bid": 61.04,
        "failed_bids": 3
    }
}